{
  "logistic_regression": {
    "accuracy": 0.8707482993197279,
    "precision": 0.7142857142857143,
    "recall": 0.3191489361702128,
    "f1": 0.4411764705882353,
    "roc_auc": 0.8000689120509948
  },
  "random_forest": {
    "accuracy": 0.8333333333333334,
    "precision": 0.4375,
    "recall": 0.14893617021276595,
    "f1": 0.2222222222222222,
    "roc_auc": 0.8105779998277198
  },
  "xgboost": {
    "accuracy": 0.8571428571428571,
    "precision": 0.6923076923076923,
    "recall": 0.19148936170212766,
    "f1": 0.3,
    "roc_auc": 0.8018778533896115
  },
  "chosen_model": "xgboost",
  "chosen_reason": "Chosen by highest ROC AUC on test set (0.802). ROC AUC is the primary metric so we rank at-risk employees well."
}